At the bus with my iPhone ;) thxx @apple,positive,apple
"@azee1v1 @apple @umber AppStore is well done, so is iTunes on the mobile devices.  I was talking about desktop app.",positive,apple
NYTimes: Coach Wants to See You. And Bring Your iPad. http://t.co/J2FTiEnG #iPad @apple set red 42 red 42 hut hut @NFL wish I had an #iPad,positive,apple
@apple @jilive @DanielPink: Apple sells 4 million iPhone 4S units in first weekend ... Steve Jobs brilliance lives on for ever! #iphone #RVA,positive,apple
@bkad5161 than apologize to @apple ;),positive,apple
@Apple downloads of iOS 5 are proving popular with users  -- http://t.co/NSHLfiUX,positive,apple
"Lmfao look at the argument I had with Siri !!
@ijustine @apple http://t.co/D4VjL7SI",positive,apple
Incredible: 4 million iPhone 4Ss in 3 days. 135% better than the iPhone 4 http://t.co/1FMJxTMM @apple #iphone4s,positive,apple
Well @apple fixed my #ios5 battery drain problem with a replacement iPhone 4 -- it's working like a champ now,positive,apple
Currently ordering a BRAND NEW MACBOOK PRO!!! Bahhh... my MacBook is 5 years old. I'll miss it. But it's time. cc: @Apple -,positive,apple
"#Siri now knows who my dad, mom, brother and girlfriend is.  Thanks @apple",positive,apple
Well at least the @apple store has amazing call waiting music! #need4s,positive,apple
#sweet... #apple replaced my glass #probono. thank you @apple,positive,apple
Not Bad! @Apple Sells Over 4 Million #IPhones in Debut Weekend - Bloomberg http://t.co/AVSl3ygU - #smartphone #sm RT @VinodRad,positive,apple
"loving new technology from @apple iPhone 4s, mac air and iCloud are unreal #technology",positive,apple
I'm loving this new IOS5 update :) @apple,positive,apple
Another mention for Apple Store: http://t.co/fiIOApKt - RT @floridamike Once again getting great customer service from the @apple store ...,positive,apple
Time to go get my iPhone 4s.  Looking forward to sticking it to the man by no longer paying for most texts.  Thanks @apple.,positive,apple
hey @apple I hate my computer i need a #mack wanna send me a free one.,positive,apple
#iCloud set up was flawless and works like a champ! To the Cloud @Apple,positive,apple
@Wisconsin_Mommy @Apple I'd totally email the company... I always get great service at our @Apple store!,positive,apple
@apple loving the new IOS5 upgrade for the iPhone!,positive,apple
Once again getting great customer service from the @apple store at millenia mall.,positive,apple
Is it just me or is #iOS5 faster for the iPad? @apple,positive,apple
making the switch from @Android to @Apple #iphone #iphone4S #smartphone #stevejobs (@ Apple Store) http://t.co/kj6pJvkH,positive,apple
So THANKFUL for the incredible people @apple for going above and beyond and offering to and replacing my  water-damaged Macbook Pro!!! Wow!,positive,apple
Play on ma man. Loving the camera in the #iphone4s. Well done @apple  #fb http://t.co/tmdFqRe1,positive,apple
So yeah... @apple #iOS5 #readinglists have changed my life. #nowicanspendevenmoretimeonmyphone.,positive,apple
@Apple Safari Reader owns the worldwide web,positive,apple
I love @apple service . My case has cracked 3x and I go in and they hand me a case and I walk out,positive,apple
Said to have laid out the next 4 years @apple.Jobs last iPhone is 2012 not the iPhone4S. iPhone(4G/5) 2012 is magical! http://t.co/DxxklUBp,positive,apple
i used to be with @blackberry over 4-5yrs .. after all the disruptions and lost gigs thx to their service im moving to @apple #iphone,positive,apple
"Apple sells 4 million iPhones in 3 days @apple keep doing what you are doing, because you are doing it well! http://t.co/ZZc6bE0w",positive,apple
"4 millions in a weekend, 16 #iPhone4S per second. This is madness?! no, this is @Apple !!!",positive,apple
.@apple you got me. I'm now invested. MacBook Pro next year. Time to get on selling more of my #android gear,positive,apple
I just sent my grandma a post card using my #CardsApp thanks @Apple,positive,apple
"@KostaTsetsekas @apple Putting it in the wash is kind of the equivalent to ""Will it blend?"" Glad to hear it's still alive.",positive,apple
"God Bless @YouTube, @apple for  #appletv & our bad ass system. LOVING #PrincessOfChina. GB to @coldplay & @rihanna too :)",positive,apple
Been off twitter for a few days as I smashed my iPhone but @apple were very nice and gave me a new one :),positive,apple
Thank you @Apple iOS 5 for email pop up on the lock screen and opening it when unlocking.,positive,apple
One word - #wow. RT @jldavid iPhone 4S First Weekend Sales Top Four Million: http://t.co/Zx5Pw0GT (via @apple),positive,apple
RT @MN2NOVA: Love ios5 Easter eggs. Pull down from middle top to bottom and see what pulls down. Awesome little feature! #ios5 @apple,positive,apple
Love ios5 Easter eggs. Pull down from middle top to bottom and see what pulls down. Awesome little feature! #ios5 @apple,positive,apple
Love #ios5 Easter eggs. Pull down from middle top to bottom and see what pulls down. Awesome little feature! @apple #lovemyiphone,positive,apple
"Gone for a run, beautiful morning , man do I love iOS 5 @apple, #iPhone",positive,apple
@apple your simply the best.,positive,apple
I must admit @apple has made me a very happy camper! I have text tones now! Lol! Ring tone: #MakeMeProud Drakes vers! Text tone: Nicki's,positive,apple
"Day305, I'm thankful for the great customer service received today from @Apple via phone CS, new phone on the way #365daysofgratefulness",positive,apple
Loving the new iPod update @apple,positive,apple
@alexlindsay My wife upgraded her iPhone 4. I think Siri alone is worth the upgrade. Looking forward to @Apple continuing to enhance Siri.,positive,apple
@SteveJobs being honored tonite @Apple...A truly great loss to the world.He will so be missed,positive,apple
Thx @instagram Thx @apple #hypo #D-76 #tri-x http://t.co/D7EeJHBT,positive,apple
Loving my new #iPhone4S thanks @apple for #ios5,positive,apple
@apple the iPhone 4s is great #genius,positive,apple
@apple Siri is amazing,positive,apple
"Meet #Siri, your new iPhone butler. Click the link and be amazed by all it can do: http://t.co/lvfFdCEL @Apple",positive,apple
"So, I am using my work PC (NEVER EVER) to get a feel for it; it has the worst speakers ever!! @apple you have spoiled me!! #imamac",positive,apple
I ♥ @Apple http://t.co/a8on3IAa,positive,apple
@apple just got the new iOS5 upgrade with iMessage...good luck surviving now @BlackBerry,positive,apple
Loving #iOS5 !! #awesome @Apple,positive,apple
"RT @MattyRiesz: @kathrynyee You were right, an iPhone is a must have. #addicted {WELCOME TO THE @APPLE CLUB}",positive,apple
@Apple's Siri is witchcraft.  What's next @googleresearch. 2 yr lead lost?,positive,apple
"@Apple iOS 5 is sweet! Notifications, phone search covers mail now, wifi sync, iCloud backup and integrated Twitter are all well done.",positive,apple
RT @katebetts: Another great James Stewart story in today's NY Times about importance of architecture in @apple retail success http://t. ...,positive,apple
Another great James Stewart story in today's NY Times about importance of architecture in @apple retail success http://t.co/Kniz452s,positive,apple
Welcome to the twitter world @MarkStuver. This is due to #iOS5 and @apple thanks guys.,positive,apple
Impressive service @apple genius bar metro centre. Power cable replaced free n booked in for screen replacement for free :- D,positive,apple
RT @deb_lavoy: the nice guy at the @apple store replaced my phone gratis when I showed him the hairline  crack on the screen. thanks @apple,positive,apple
the nice guy at the @apple store replaced my phone gratis when I showed him the hairline  crack on the screen. thanks @apple,positive,apple
"My iPhone 4S battery lasted longer than a day. That hasn't happened since my edge iPhone. Nice job, @apple.",positive,apple
It would have taken me 15 mins to write this with my #Blackberry. Thank u @Apple 4s for converting me and showing me the grass is greener!,positive,apple
RT @herahussain: @RickySinghPT got a new backside for my eye phone! V impressed with @apple,positive,apple
@RickySinghPT got a new backside for my eye phone! V impressed with @apple,positive,apple
#iPhone 4S in Space http://t.co/jINNHVwz this is amazing #creative @apple your products inspire people to do unbelievable things,positive,apple
Thank you @apple for making my iPad 2 feel like new again with your new iOS 5!,positive,apple
Using my awsome iPad... I love it. I love my MacBook too and my iPod. It's all amazing! I love @apple,positive,apple
@apple iOS 5 upgrade done ...... Much better feature..... Few more feature required,positive,apple
New iOS 5 update is THE BEST. iloveyou @apple,positive,apple
"Finally got my iPhone 4S, thanks @Apple. Stupid @att. Learned my lesson.",positive,apple
"I absolutely love my iPhone 4S. Thank you, Steve and @apple.",positive,apple
@apple - you have invented a product that actually gets my brother to call my parents when he gets where he's going. Amazing. #siri #ipod4s,positive,apple
"dammit, listening to siri is making me want to upgrade. well played @apple.",positive,apple
"Create new folders from within your photo album in #iOS5, finally!! Thanks @Apple, that's been a thorn in my side for a while. #newfeature",positive,apple
@Blackberry & @Facebook U R really about to make me throw this @Blackberry in the trash an get an @Apple iPhone! @Facebook upload issues!,positive,apple
#iOS5 update submitted to @apple! Thanks for all the support!,positive,apple
Awesome service from the @apple store in pc. Thanks chris!,positive,apple
I am crazy about #iOS5 . The photo cropping is the best! @apple,positive,apple
.@apple thanks for fixing this... http://t.co/wTj1ogDO,positive,apple
@apple has changed life.,positive,apple
Mad props to the @apple employee that didn't charge me to replace the back plate on my iPhone! Made my day!,positive,apple
The #iphone4s is  amazing. Siri's voice recognition is absolutely a step above previous attempts. Bravo @apple,positive,apple
#iOs5 is nice and as it had to be ! Thanks @Apple,positive,apple
Good support fm Kevin @apple #Bellevue store 4 biz customers TY!,positive,apple
@Apple: Siri is amazing!!! I'm in love!,positive,apple
Love love love iOS 5!! @apple,positive,apple
RT @cjwallace03: So apparently @apple put MB cap on your SMS with the new update. 25mb storage before it tells you your inbox is full. W ...,negative,apple
"RT @Jewelz2611 @mashable @apple, iphones r 2 expensive. Most went w/ htc/galaxy. No customer loyalty w/phone comp..",negative,apple
"@mashable @apple, iphones r 2 expensive. Most went w/ htc/galaxy. No customer loyalty w/phone comp..",negative,apple
@apple why my tunes no go on my iPhone? iPhone lonely without them. silly #iOS5,negative,apple
@apple needs to hurry up and release #iTunesMatch,negative,apple
"Why doesn't @apple iCloud sync Stickies? They've always been around, just nothing every progressed w/ them!! Why apple why?  @gruber",negative,apple
"@apple, your new ""Save a Version"" function in Pages is absolutely the most awful, interrupting, counter-intuitive piece of crap in the world",negative,apple
I hate my @apple computer.  Thats 3500 dollars down the drain.,negative,apple
@apple my iPhone is charging very slowly!!!!!,negative,apple
"@Apple #iOS5 gm on ipad1 is very slow wash better on beta7/8 solve this problem, or give me the ipad2",negative,apple
"@apple Wish I could pick month, day, and YEAR when setting a new calendar item on my iPhone. Why hasn't the new iOS fixed this yet?!",negative,apple
"@Apple iTunes is the worst program ever. For such a great phone, you make some awful software.",negative,apple
One would think the voice recognition on the @apple tech support line would work a little better.,negative,apple
"@apple $319 to repair my iPad 2, Apple you've lost me and my $700 a year, Android here I come!",negative,apple
"@azee1v1 @apple @umber Proper consolidation, proper syncing, stop losing my PURCHASED items, checkboxes that do what you think they will do.",negative,apple
@AsimRang @apple @umber the desktop app is wack though,negative,apple
I made a reservation and yet I still have to wait in line. Humpt! Oh @apple (@ Apple Store w/ 2 others) http://t.co/JZmVBdNm,negative,apple
Dear @apple. I had to turn off all those awesome featured you just enabled. Data plan can't handle it. 200 mb of data just because #,negative,apple
#DontBeMadAtMeBecause #Android is by far better than @Apple,negative,apple
@apple is there a problem with iOS 5 that is preventing audio apps and audio functions from operating properly? I keep losing sound.,negative,apple
@apple #apple One thing I hater about this #mouse the #buttery finish so fast am not #happy now #macworld @macworld http://t.co/5Uh4a4Vt,negative,apple
Hey @Apple: stop sending your automatically-depreciate-all-iPhones-older-than-the-4s signal. My #iPhone4 is dying rapidly processor-wise.,negative,apple
Only thing bad about the new @canon camera is that it has two compact flash cards... not one of SD. SD goes in my @apple computer. Damn you!,negative,apple
Wtf @apple 64 pages for the new terms & conditions when u update ur apps from the iTunes store. Do u really think we'll read em? Really???,negative,apple
fuck u @apple,negative,apple
oh and prolly ganna be late to work bc @apple has screwed me and my phone has my only alarm on it,negative,apple
why the fuck dose my phone decide its just ganna freeze every time i try to update it so fucking sick of @apple,negative,apple
. if u need me just text me o wait u i wont get it cuz @apple fucks me every time #fuckingpissed,negative,apple
Like @apple da fuck is this shit?  http://t.co/nb4DHlSg,negative,apple
RT @CircusTK: I'm wit chu!! “@ShayDiddy: Officially boycotting @ups!!! Calling @apple to curse them out next for using them wasting my t ...,negative,apple
Damn it @Apple!! Whatchu done to my phone??,negative,apple
"Samsung seeks iPhone 4S ban in Japan and Australia
Patent war intensifies with injunction sought against @Apple http://t.co/QmwjTvnk",negative,apple
"@apple, why is it every time there is iOS software update my iPad goes dead and I need to totally restore? #fail",negative,apple
@apple #iOS.5 has been nothing but a pain in the ass no room for my music.. Or photos.. Or apps! Can I undo this garbage??,negative,apple
"@apple the reservation system not working, shows no products avail let alone iphone 4s I had the site open in 3 browsers at 9 PM and nothing",negative,apple
"Restored my iPhone. STILL NO TEXTS. DEAR @APPLE Y NO LOVE, Y RESTRICTIONS ON MY SMS?  Y NO TEXTS.... #iOS5 #iOS5atemydingo",negative,apple
none of my apps work after the new ios from @apple. what do i do?!?,negative,apple
"Seemingly endless loop of calls to @apple, @ups, @verizonwireless to investigate my missing #iphone4s. #crankywithnophone",negative,apple
@Wisconsin_Mommy @apple that's terrible!  I hope you get an apology!,negative,apple
@zombiebomber have been on the phone with @verizonwireless and @apple pretty much ever since then. Really annoyed.,negative,apple
"@chascouponmom @apple I get they are busy w/ the new phone, but I just wanted to buy a stylus. they made me wait forever outside & never",negative,apple
"@apple @iphone Please deliver my daughter's i4s, she is driving me nuts #iphone",negative,apple
"Hey @apple, the SMS full message is complete shit. Yes, I'm annoyed.",negative,apple
Have never had such poor customer service at @Apple before! What happened? (@ Apple Store w/ 2 others) http://t.co/GKlXMUi6,negative,apple
"@Apple your service experience is really fucking slipping (except for cute, eyelash batting girlies). (@ Apple Store) http://t.co/dOHDEnMg",negative,apple
What was @apple thinking making #Siri totally dependent on a network connection? Siri + @ATT = utter frustration.,negative,apple
Wow the Genius Bar Reservation Line @Apple is ridic right now - ___- I am not amused. #ugh,negative,apple
"Where is my iPhone!?!?!?!
@apple",negative,apple
@apple battery life suck on iOS 5,negative,apple
An apple update has seemed to render my work machine incapable of opening HDV video. Thanks @Apple. Zero useful productivity today.,negative,apple
@apple I committed to your cloud storage iDisk and now it's raining :-( so soon no more iDisk.  Any plans for a new service for storage?,negative,apple
"Hey @apple why can't I share a reminder list from my iPhone?
Also why can't I login to the iCloud webpage to modify sharing from my phone?",negative,apple
Apparently fuzzball crashes on #iOS5. Congratulations @apple on another incompatible upgrade,negative,apple
Can someone plz explain to me whhyy @apple is only distributing 2-3 phones per day to the sprint stores. I'm really ... http://t.co/uf9taK8f,negative,apple
"GAH. @apple iOS 5 opens text messages painfully slow, on top of 3 restore attempts 2 succeed. Early adopterness gets better of me.",negative,apple
Dear @apple: Why did all my PDFs and ePub files disappear from ibooks in my iPhone post ios5 upgrade? This hurts. #3GS #needsomethingtoread,negative,apple
“@CBM: Lies @apple. the battery on this new iPhone4S is definitely not any better.” &lt;&lt; check Settings: 8 times more App usage in iOS 5,negative,apple
As a huge podcast fan - I really feel like @Apple dropped the ball on this one. http://t.co/wvzPrbCI via @Carrypad,negative,apple
I don't really like Siri's voice. Perhaps @apple can get Star Wars voices just like @garmin http://t.co/pSUJg9pN,negative,apple
"“@carlton858: I really hate dealing with the brain dead people at the @apple store. For such good products, customer service sucks.” in NZ?",negative,apple
"I really hate dealing with the brain dead people at the @apple store. For such good products, customer service sucks.",negative,apple
Anyone else seeing missing signal bars on their #iPhone 3GS with an upgrade to #iOS5? cc/ @applecanada @apple @forstall,negative,apple
RT @CBM: Lies @apple. the battery on this new iPhone4S is definitely not any better.,negative,apple
"Updating to IOS5 with my regular iphone4 just made it slower and messed up.. @apple give me a free 4S and we can call it even, thanks",negative,apple
"@apple If you want to know what customers think dont send updates with the ""noreply"" return address. Who invented that anyway. #useless",negative,apple
"Every time I try the voice control on my iPod Touch to send an iMessage, it starts playing ""Who Knew"" by Pink.  Still not Flawless @Apple",negative,apple
Ok Hindi keyboard in #iOS5 is something to cheer about.  But @apple  what about  support for 20+ missing Indian languages!? #FAIL,negative,apple
"RT @ScottDugas: Warning: if iphone apps spontaneously loose data, it might not be the app's fault - http://t.co/1SEsvWwm #ios5downgrade  ...",negative,apple
@betweensundays Ah! Yeah...should be an option...hopefully @apple figures that out. Thx,negative,apple
"""Waiting for items to copy"" in Itunes after everything DID copy goes on, and on, and on.  Come on @Apple, what the hell?",negative,apple
@Apple unhappy again with service/product quality. Won't buy @Apple again.,negative,apple
Lies @apple. the battery on this new iPhone4S is definitely not any better.,negative,apple
"“@philipgrey: dear @apple, why you gotta go change the way &lt;input type=""number""&gt; is handled out of the blue?”",negative,apple
"Been on hold with @apple customer service for 25 minutes. Wow, lt's like they're #timewarnercable.",negative,apple
anyone else stuck in duped calendar/mail/battery sucking @apple hell? #iCloud and #OSX Lion are a disappointment,negative,apple
"@Apple you're killing me. Excited about iOS5 no longer- tragic battery drain, genius bar wants to replace the battery. Really?",negative,apple
1st impressions  of #iOS5- Disappointed w upgrade restore. Lot of apps & folders missing @apple do  how much time went in2 orging it? #fail,negative,apple
@PrJusto Don't question the @Apple they will remember your dissent!,negative,apple
"@apple: Multiple times siri is ""having trouble connecting to the network.""  Siri needs servers (and some exercise!)",negative,apple
RT @JimMcNiel: if @apple does not resolve the #Siri network issues they will need to rename a great product to Sorri - Who else is havin ...,negative,apple
"dear @apple, why you gotta go change the way &lt;input type=""number""&gt; is handled out of the blue?",negative,apple
Ugh. WTF is up with all the bottlenecks @paypal @apple?,negative,apple
+1  RT @Doug_Newton: @apple PLEASE FIX #Siri!!!! She can't connect to your network!!!!!!!,negative,apple
@apple PLEASE FIX #Siri!!!! She can't connect to your network!!!!!!!,negative,apple
if @apple does not resolve the #Siri network issues they will need to rename a great product to Sorri - Who else is having issues?,negative,apple
any chance @apple will release good headphones that dont blast music outside the ears? #iphone #ipod its quite obnoxious,negative,apple
"@Apple - #Siri is not working due to ""network problem""? Seriously? Can you fix this? #iPhone4s #Fail",negative,apple
"@electricsoup It has to connect to @Apple to process commands, which it is failing to do right now",negative,apple
"See @Apple, that what's happen when you release iPhone 4S with same crappy design as the old phone!",negative,apple
This. RT @bonkoif Looks like @Apple did not appropriately project the resources needed for Siri. Not very reliable,negative,apple
Looks like @Apple did not appropriately project the resources needed for Siri. Not very reliable,negative,apple
"Spoke to an @Apple rep on phone & could hear her tv blaring in the bg.  She said, ""I can't actually help u, just direct u back to the web""",negative,apple
What's wrong with Siri today @apple,negative,apple
@Apple Siri is down!,negative,apple
I'm suspecting @Apple timed the health-decline of my iPhone 4 perfectly with the iPhone 4s release... My battery is seriously ailing.,negative,apple
"Ok this @Apple software update for the #iphone is taking waaaaay too long!
#annoyed",negative,apple
@Apple would do better to inform customers properly about migrating to #iCloud - many complaints lead to #image damage http://t.co/QL7zmPpO,negative,apple
"@jane73 @Gazmaz hopefully it's a small bug @Apple must be fixing it. RIGHT  APPLE }:0(
#itjustworks",negative,apple
"@samsung, @apple, you do realise you're just really pissing off the customer base AS WELL AS looking petty.",negative,apple
@Apple - why do I have to have apps I am updating in their original 'folder' location? That was painful.,negative,apple
@apple domain fail. Open 2 hrs late for walk in ppl. Store was empty and i only need a skin 4 my screen. You represent customer service FAIL,negative,apple
@BrianMincey @apple the chipsets tear through battery life. Coworker has a htc thunderbolt that he gets about 3 hours of life.,negative,apple
I wish the Apple updater would stop trying to ram iTunes down my throat. I don't own a pissing iPhone @apple,negative,apple
Is it me or does my #iPhone run slower since the #iOS 5 update? @apple @Verizon,negative,apple
Just searching with my voice on my 2 year old nexus one @apple.,negative,apple
"@apple, your update server has been timing out for a week. i had to force a restore w/the new #iOS5 software. lost all my stuff. thanks!",negative,apple
I am very upset about and inconvenienced by this iphone update failed backup. @iphone @apple,negative,apple
but seriously @apple finance me a damn phone you greedy bastards! OR Santa...get your jolly ass in gear and get us a 4S - white plz,negative,apple
2nd @apple genius apptment running late 2nd day in row for 2nd dodgy iPod . You make mega $$$ hire some staff.,negative,apple
It took @apple about 7 years just to figure out how to properly syncronize an iPhone.  WOW!  #ios5,negative,apple
@apple So I went to the 5th Ave store and was told I could wait about 4 hours to get a 4S. Needless to say I'm back at the hotel relaxing.,negative,apple
Terrible customer service at Los Gatos @Apple! Why do I have to pay $199 for a bad home button on my iPhone?!?,negative,apple
@Apple thank you for sucking so much. I cannot believe you would sell something online that isn't made,negative,apple
"@Apple, #iOS5 on iPhone2 causes Camera apperature dilation problems & freeze.",negative,apple
"@Apple, #iOS5 #geolocation Suburbs with 2 words drops Map Pins in other States! Please fix.",negative,apple
"Sorry @apple, but #iMessage will never be what #BBM is. Disappointed.",negative,apple
"@semilshah yeah except that when you ask for a receipt, it takes them 30 minutes to figure out where it printed out. Fix that, @Apple!",negative,apple
Bummer!  My @Yahoo! iPad fantasy football app keeps crashing; not sure if it's the app or the new @apple iOS 5. Only two apps running.,negative,apple
@Apple can suck my dick gotta restore my ipad #annoyed,negative,apple
"@nansen Man, that sux! @apple io5 upgrade a total #fail for you!",negative,apple
"Dear @Apple Contacts, you are terrible. I just cleaned duplicates for 3 hours and they magically reappeared. Fix it.",negative,apple
Pissed with whoever designs keyboards with @apple for not having a home and end key.  working on the CLI i use those keys often,negative,apple
@NoVaTyler @apple Most of mine are gone too! Not recovered after I saved them b4 I upgraded my iPhone! Soooo pissed!,negative,apple
"hey @apple do you wanna fix my fucking playlist order, you piece of shit",negative,apple
Siri is having a hard time remembering who my sister is. contact card needs space for family info. #iPhone4S @apple,negative,apple
"#ios5 getting sloppy @apple. U need to check your QA team. Too many issues with apps, data and syncing",negative,apple
RT @nansen: so this SMS full message is known @apple issue with new iOS5 update. trying restore. When all else #fail - restore.,negative,apple
not happy with @apple right now. the upgrade to my itouch4 took out my itouch and laptop. #help,negative,apple
@twitter can you look at problem on iPad where it won't open @ messages. It just crashes the app. You too @apple maybe your fault.,negative,apple
@apple What's the point of iCloud wireless updates when ios5 now forces me to use the computer to charge my ipod touch now? #worstupdateever,negative,apple
"@robert_terpstra no worries bud, ps: they're saying that the 4s is having a lot of network issues right now. (I'm @apple for mac problems)",negative,apple
"I hate you @apple for not sending Toledo,oh @bestbuy any @iPhone for @verizon even after I pre ordered!!!",negative,apple
Why is the new @apple iPhone OS duplicating all my iCal events? There's 2 of everything. How do I fix it? (tried turning iCloud off),negative,apple
"Dear @Apple, how convenient/handy/thoughtful/smart that after iPhone #ios5 update you're apps won't work anymore! (none!!!) :( #gr%\mbl^.%)",negative,apple
Hey @Apple...I know Steve Jobs died & all but my Twitter for iPad app keeps crashing...Fix it...NOW..please..lol -F.Light,negative,apple
@apple not happy with Apple today. I did the suggested software update and now nothing works!!!,negative,apple
Smashed yet another #iPhone screen. When are @apple gonna make the phone more durable!!! Tired of fixing it myself!!!,negative,apple
I sure as hell better be able to restore my calendar events. Terrible bug apple! @apple #icloud #anothericloudfail,negative,apple
I really hate that @apple won't let you hide the Newsstand app or move it into a folder. It serves no purpose for me.,negative,apple
Life was much easier when @apple and @BlackBerry were just fruits!,negative,apple
@apple No location reminders on ipad2! That was the point of updating to iOS 5,negative,apple
"Comparing @Office #live with @google #apps and @apple #iCloud , I do not see #iCloud leading the crowd. Do you agree ?",negative,apple
"RT @MikeFerri: If @apple doesn't fix iOS5 this week, I'm buying a droid #emptythreats",negative,apple
"If @apple doesn't fix iOS5 this week, I'm buying a droid #emptythreats",negative,apple
@apple pls launch #Siri on iphone4 .. Disappointed after spending hours for upgrading to iOS5..,negative,apple
@apple you can suck it you and your fucking iPhones better be glad it's all I like cause the service Is fucking terrible,negative,apple
"This is the first time I've been unhappy with any @apple product... Disappointed, and the Internet seems as confused as I am right now.",negative,apple
"After a week or so with @Apple's #iOS5 I'm considering going back to #jailbroken 4.2 - same features as 5, plus more. Not as stable, though.",negative,apple
Had issues with #Siri reaching network today. Too many uses or my signal? @apple,negative,apple
The new iOS5 completely failed at upgrading the phone. Now I'm stuck in this restore loop. Thanks @apple for wasting my day. Can i undo?,negative,apple
Is it me or does #iPhone4s run a little warm sometimes? @apple,negative,apple
"@apple WTF why can we not add the newsstand to a folder?! We are already in your walled garden, so please don't remind us of it.",negative,apple
@apple just now seeing none of my Microsoft Office programs work anymore after Lion upgrade. Why??,negative,apple
"Dear @Apple, I don't want the newsstand icon on my screen. #notcool",negative,apple
total time on the phone with @apple: 1 hour 27 minutes. let's see how this goes.,negative,apple
"Waited in line for nothing, fucking genius @Apple called an app for ""John"" not ""jean"" stop fucking up my name im not a French boy. #PCam ...",negative,apple
It's been 24hrs since I reported @ups theft of my iPhone and @apple has done nothing. No return call as promised. Nothing.,negative,apple
"This does not bode well. After charging all night, my @Apple iPhone 4S has 25% battery after only 3hr off charger with no calls & light use",negative,apple
Houston we have a problem!! My iPad has been restoring for 12+ hours after installing @apple IOS5. This can't be right....,negative,apple
#Siri went down for a little while last night. Come on @apple! Get your shit together on this launch!,negative,apple
Installed io5 - fine on ipad but wiped wife's iPhone and restore from backup failed! #Bigtrouble #help @apple,negative,apple
DAMN YOU !!! @apple,negative,apple
RT @spacecanard Today's the Day. ICS &lt;3 #android #google #samsung,positive,google
"The new Nexus looks good! UI feel a bit confusing but I guess Android users are ok with that! Now, try it :) #Google #android #nexusprime",positive,google
Very nice trivia game by #Google. Helps you use their search better http://t.co/ikN087ZE,positive,google
Very nice trivia game by #Google. Helps you use their search better http://t.co/c5Tu3dZK #fb,positive,google
Cant build a website. Get a #Google website #Free ! http://t.co/7qUy4uOU,positive,google
#Android ICS is looking pretty good. Not quite sure if its worth the 4.0 numbering leap. #google,positive,google
@Tita_Ramos #Google it =),positive,google
RT @p1j Android 4.0 Ice Cream Sandwich is Here with a Google Nexus in new Avtar!   http://t.co/MTu7tGx7   #android #google #nexus #BigMAMA,positive,google
"Me too RT @MohamedG: Exciting day, It's Ice cream Sandwich day ;) #Google #Android",positive,google
WOW the new #Google #Nexus is just beautiful. totally gonna boost google's market share in the smart phone market.,positive,google
"hahaha integrated data usage manager... in sucha brilliant way, sleek design, superb and I'm only watching videos LOL #Google",positive,google
I fancy an Ice Cream Sandwich #google #android. Wonder it will works on my HTC Desire?,positive,google
"Google Ice Cream Sandwich - sounds yummy!  What do you think? http://t.co/gMsgXcq8
#google #Android #ice cream sandwich",positive,google
"Exciting day, It's Ice cream Sandwich day ;) #Google #Android",positive,google
Android 4.0 Ice Cream Sandwich is Here with a Google Nexus in new Avtar!   http://t.co/mSWX6Eo6   #android #google #nexus #BigMAMA,positive,google
@Bla1ze I was referring to #Google & #Icecreamsandwich. It looks amazing. What imo android was missing. I ... http://t.co/rE4nLZgI,positive,google
http://t.co/QV4m1Un9 Forget the phone.. Nice UI. Liking the Scroll Feature #android #google #nexus,positive,google
#Google has finally unveiled the much awaited #Android OS Ice Cream Sandwich & it sure looks good! http://t.co/sNL38EM1,positive,google
#google Finally!! All searches for logged in users will be on https! http://t.co/RaUeRrtF,positive,google
#RIM should really take an in debt look at #Google's strategy... They released the #NDK for #Icecreamsandwich 3 HOURS after release. #ics,positive,google
RT @vattam: Man! I've fallen in love with Galaxy Nexus! #google #samsung #galaxynexus #android,positive,google
"RT @Assim99: Dear #Google, I want the Galaxy Nexus NOW. Please send it to me by email or something - I know you have the technology",positive,google
Sorry #Apple #Google and #Samsung just made you look bad. #Android is king,positive,google
#Facebook power users 'have gone to #Google+ and #Twitter' - Telegraph http://t.co/vwCiOv1f Who are they? #socialmedia,positive,google
"Not impressed much with the new Android update. But good signs: a readable font, emphasis on design, and less nerdiness. #google",positive,google
"Video: #Google wallet, see the wow effect http://t.co/mcW78VtG",positive,google
When I'm about to tweet something and I cant remember how to spell I go straight to #Google,positive,google
"Dear #Google, I want the Galaxy Nexus NOW. Please send it to me by email or something - I know you have the technology",positive,google
#GOOGLE #ANDROID 4.0 out ;-) Available with #SAMSUNG nexus!,positive,google
"Maybe not the most efficient way to browse, but fun: #Google releases an Infinite Digital Bookcase http://t.co/X1qzeX7f by @MeghanKel",positive,google
@jowyang it's difficult to pass up #google+ considering the social seo benefits of google+ vs facebook,positive,google
Ice Cream Sandwich to stop carriers bullying smartphone users #google #android http://t.co/BZNy74Nn,positive,google
"I agree with @wellis68 that the ""Hangouts"" on #Google+ are friggin' awesome!”",positive,google
#google #galaxynexus #icecream great,positive,google
Google Earth Helps Locate Salmonella Hotspots http://t.co/mcz9RSDf #google,positive,google
#samsung galaxy nexus = orbital laser. #apple iphone 4s = wooden stick #google,positive,google
Ice Cream Sandwich u r really delicious Can ditch iPhone for u that's for sure. #Google launches #Android4 aka #IceCreamSandwich :),positive,google
#google+ (: lovin it,positive,google
"""Samsung and Google have closely collaborated to push the mobile experience forward. We are pleased to ... http://t.co/ecT8fYIA #Google+",positive,google
RT @RoycinD: FINALLY ! Power + Volume = Screenshot. No more rooting required! #Google #ICS #galaxynexus,positive,google
I want the new #google #galaxynexus. Android 4.0 is going to be the fucks,positive,google
#Google #Nexus press conference http://t.co/2WV01o5v #slick,positive,google
S/O to #google for getting me through high school and college....you are appreciated,positive,google
iScream u scream v all scream #android #IceCreamSandwich. A job well done by #google and a major game changer in the #mobile #OS space,positive,google
@VentureBeat I like the #google virtual bookcase thank you for sharing,positive,google
"#Google's #IceCreamSandwich was revealed. I'm getting an #Android whenever I get a new phone, but I'm keeping my #iPhone for now.",positive,google
"#Android #Google Ice Cream Sandwich Feature Closer Look - Roboto Type Face Is ""A Pleasure"" To Read http://t.co/DJsp2G5B #DhilipSiva",positive,google
Fantastic work from #Samsung and #Google on the #GalaxyNexus superphone and the new #Android #ICS. Very impressive.,positive,google
I just add my profile on the #Google+ WebGL Globe project. Add yours ! http://t.co/lpuc3xot vía @AddThis,positive,google
i love #google,positive,google
#Google is the best invention ever!!,positive,google
"i need a hookup, stop teasing me #google http://t.co/07YR58wL i want the new #nexus",positive,google
"well.....#google's #icecreamsandwich and new accompanying phone are, as usual, neat, but nothing ground-breaking",positive,google
#Android #Google Device Frame Generator Updated For Galaxy Nexus - Your Screenshots Just Got Prettier http://t.co/9bWt2W6z #DhilipSiva,positive,google
"Mmm... #SmarterPhone RT @Android: Introducing Ice Cream Sandwich, the delicious new version of Android: http://t.co/AXl2K1Gs #ICS #google",positive,google
So so excited for all of the new Android features! Awesomeness :) #Android #ICS #Google #GalaxyNexus,positive,google
#IceCreamSandwich went way and beyond what I expected. Can't wait to get it on my Nexus to play with! #Google,positive,google
"Check this video out -- Introducing Galaxy Nexus. Simple, beautiful, beyond smart http://t.co/fiTI6ZIA 透過 @youtube #android #nexus #google",positive,google
"Cream on the inside, clean on the outside. Ice Cream phone job. #Google",positive,google
RT @Mr_Lister: Loves the new presentations tool for Google Docs - particularly themes and adding video via URL #google #sd33 #edchat #ed ...,positive,google
#Google's like my wife - searches things for me and completes my sentences.,positive,google
"#Android 4.0 Ice Cream: Introducing Galaxy Nexus. Simple, beautiful, beyond smart http://t.co/vUWgyx3N #Google",positive,google
http://t.co/Izh7KaiU #google #nexus #prime &lt;3 #android,positive,google
Interesting bookcase..RT @VentureBeat: #Google releases an Infinite Digital Bookcase http://t.co/urxJixCe by @MeghanKel,positive,google
#google is my bff rite about now!,positive,google
Good to see #Google finally turning their focus on user experience. http://t.co/AYhOKgo8 #IceCreamSandwich #Android,positive,google
"ICS looks awesome, please let me have it on my phone!  #android #google #motorola",positive,google
Iphone 4s almost had me ... ALMOST !! Ice Cream Sandwich FTW !! http://t.co/p32Ehduq #android #google,positive,google
There you go - according to http://t.co/4Y8aS4zz #Google+ is builtin to the OS/Nexus line? Smart move :),positive,google
I just add my profile on the #Google+ WebGL Globe project. Add yours ! http://t.co/UWeYalKb via @AddThis,positive,google
Thanks Android for admitting you're ugly. New font is a good start! #ics #google,positive,google
Mmmm Ice Cream Sandwich #Android #Google,positive,google
"Just seen a taste of #Google's ice cream sandwich, now I want a bite",positive,google
Probably the best #IceCreamSandwich (yet)! #Samsung and #Google's event live blog by @engadget! Why haven't I switched to #Android again?,positive,google
"Instant photo sharing and the people app are what's best in Ice Cream Sandwich, IMO. #google #ics",positive,google
The new android #Nexus phone makes the #iPhone look like a cheap toy at dollar store! #tcot #android #google #RealEstate @Burkepatch,positive,google
Sweet Ice Cream Sandwich RT @Pocketlint Google Android 4.0 Ice Cream Sandwich officially detailed #google #ics http://t.co/iUY0DF5S,positive,google
"""@SamsungMobileCA: Raise your hand if you now want an #Android4 #IceCreamSandwich powered #GALAXYNexus phone! #Google #Samsung""-I do!",positive,google
"Siri, which #Android device should I replace my #iPhone with? #Apple vs. #Google",positive,google
The new Google Nexus page is live! - http://t.co/zrqoeWxI #nexus #google #android #icecreamsandwich,positive,google
Are you using #Google+ and #Linkedin yet? These are essential tools to get your company and/or you on the FIRST page of Google. Contact...,positive,google
"RT @SebasCoulombe: Thanks to Samsung and Google, I'm now craving for some Ice Cream Sandwich !  #IceCreamSandwich #Google #Samsung",positive,google
"Android ice-cream sandwich's ""Face Unlock"" fails to perform recognition when demo'ed on stage :D
#google #Nexus http://t.co/CSAeFRHc",negative,google
"good job, #google.  did anyone get when any of this shit is actually shipping? #infofail",negative,google
We need dates! #google #samsung #launchfail,negative,google
"Also, the #Google problem. @chucktodd: Problem for Santorum's electability argument: the double-digit loss in 2006",negative,google
Too bad #google didn't have a tribute graphic for #DennisRitchie.,negative,google
The #Google guys are illustrating the perils of a live demonstration admirably. #GalaxyNexus #ICS #Android,negative,google
first thing on #google's to do list: hire a performance coach.,negative,google
"#Samsung, #Google Unveil Phone http://t.co/hOB37hbO",negative,google
Why is #Google whoring for SAMSUNG? #ICS,negative,google
"If #Google don't fix pinch-zoom on #Android 2.3.6 soon, I might have to leave the fold and go #CyanogenMod",negative,google
facial recognition failed #IceCreamSandwich jajajajajajaj #FacialUnlock #samsumg #Google,negative,google
RT @RoycinD: Face Unlock ! #ICS Literally knows your face! #Google #galaxynexus FAILED !,negative,google
#fail on the face recognition not working #google #samsung,negative,google
The face recognition unlock would be cool if it works. #android #google #icecreamsandwich,negative,google
Just participated in another #Microsoft #SQLServer certification test with #TSQL typing instead of multiple choices. Really cool.,positive,microsoft
#Microsoft #Opens The Door To Two #Spanish #Entrepreneurs With #Medical #Project ! http://t.co/c97sNizT,positive,microsoft
"#Buffalo, #Intel, #Microsoft, #IBM are the best pavilions at #SMAU",positive,microsoft
Windows Phone 7.5 Mango Update Process Ahead of Schedule. http://t.co/p1hwo73x  #Microsoft #WindowsPhone #Mango,positive,microsoft
WP7 is getting there: #Microsoft Claws Back to Smartphone Relevance: Rich Jaroslovsky - Bloomberg http://t.co/JIMML4RC via @BloombergNews,positive,microsoft
#Microsoft word works on my computer again! Yessss,positive,microsoft
"In terms of unified communications giants, really surprised to see how underrated #Microsoft is",positive,microsoft
#Microsoft dishing out free first-gen WP7 handsets at its stores http://t.co/cvfWMvmO,positive,microsoft
"Will watch this one with interest! RT @RossMistry: #Microsoft Codename ""Data Explorer"" CTP Coming ... http://t.co/kvJSerCj via @scottyd99999",positive,microsoft
Lunch today: 19.00  Eating it at #Microsoft while attending #VSLive?  Priceless.,positive,microsoft
"Will watch this one with interest! RT @RossMistry: #Microsoft Codename ""Data Explorer"" CTP Coming Next Month  http://t.co/vpQOyXWa",positive,microsoft
"""#Microsoft details Search improvements in Windows 8 Start Screen"" http://t.co/Agv49znJ",positive,microsoft
Mango shows #Microsoft still has the taste for smartphone success http://t.co/AFm8VSMm  #wp7 #mango,positive,microsoft
RT @bmann Awesome! @TommyLee is moving to #Vancouver as Dev Evangelist for #Microsoft - we finally get a local,positive,microsoft
Microsoft Stores offer up free Windows Phone 7 devices #microsoft #microsoftstores http://t.co/hJ8qlOC9 #neowin,positive,microsoft
#Microsoft store here I come to spend my hard earned cash. #vslive,positive,microsoft
If you didn't know - Free #Microsoft #HTML5 @Webcamps on West Coast MountainView Redmond Portland check them out  http://t.co/L86OWQRE,positive,microsoft
Hey parents!Did you know about the free tools from #Microsoft that help keep your kids safe online?Live Family Safety http://t.co/5pk1et6r,positive,microsoft
#Microsoft #Cloud Microsoft offers students free access to its technologies to improve employability: Dubbe... http://t.co/rGBHHUQP #TCN,positive,microsoft
Awesome! #Microsoft  #holodeck bit.ly/qpGxle,positive,microsoft
"""#Microsoft details Windows 8 search improvements"" - via @SlashGear http://t.co/JCawWRzQ",positive,microsoft
"@SmartKeitai Yeah I saw it, @Google is taking seriously what #Microsoft has done with #Metro UI but yeah looks good Android 4.0",positive,microsoft
Why I love #Microsoft &gt; Microsoft hosting Kids TechFest to encourage careers in tech  http://t.co/fmzFWgYv #babygeeks via @Techflash,positive,microsoft
Microsoft explains new improvements in Windows 8 Start screen search: http://t.co/pq67GRra #buildingwindows8 @buildwindows8 #tech #microsoft,positive,microsoft
enjoy  #Microsoft #Search Idea Could Let You Search Like Miley http://t.co/GWOkOCEg great,positive,microsoft
"#Microsoft Bing is The New King of Search, Tipped #Google Search http://t.co/61OgLIKA",positive,microsoft
#Microsoft #PowerPivot gives users the power to create compelling self-service #BI solutions. #infinitywebinar,positive,microsoft
"The Future of #Information: Innovators from #Google, #Microsoft &#Twitter  Nov. 14-18  Info & registration at http://t.co/kJKZ77Zy #UMD",positive,microsoft
"Another Gem from #Microsoft - Curate your personal history with  ""Project Greenwich"".  Available later this month. http://t.co/KgNrbVgp",positive,microsoft
Thanks to Steffen Krause #Microsoft for a great SQL Server Session @EuropeanSP.,positive,microsoft
This is how charity works these days. http://t.co/839klkFH #billgates #philanthropy #microsoft,positive,microsoft
Ballmer Thinks You Have To Be A Computer Scientist To Use Android http://t.co/VKV2TBcj #tech #microsoft (i agree to some extent),positive,microsoft
"We have had a great time at #TechEdAfrica thanks to all the sponsors, delegates, #Microsoft and #mimecastsa.",positive,microsoft
"Validated that #Microsoft #iSCSI target in Win Server 8 works fine with #VMware #vSphere5 / ESXi5, no errors - more: http://t.co/6qnLWFt7",positive,microsoft
wow - #Microsoft tech turns your body into a touchscreen http://t.co/5hVBC5Bm via @PSFK,positive,microsoft
Love the #Microsoft campus!  Love the feeling of the mixer building.  Thanks #vslive bringing the conference here!,positive,microsoft
#microsoft #research shows #Holodesk. Awesome!!! The holodeck is one step closer! bit.ly/pCMJON #kinect /via @dvroegop,positive,microsoft
"RT @ralphbin: #Microsoft Research shows #Holodesk - looks like science fiction, but is science fact http://t.co/w5OCrbpm  Cool but  no sound",positive,microsoft
"RT @bestpantsTen: http://t.co/P4m8xvaz #iPads less desired than #Windows tablets, says study #Apple #Microsoft #MS",positive,microsoft
RT @DariuszPorowski: RT Me too! @rem8: On my way home from 1st day of #MTS11. Had great time with @alead @DariuszPorowski and others #mv ...,positive,microsoft
#mango shows #microsoft still has the taste for smartphone success http://t.co/mAOQaplH,positive,microsoft
#Microsoft details Search improvements in #Windows 8 Start Screen http://t.co/f6AztiaD,positive,microsoft
one more picture of the services provided in the #cloud. I am in love with #Microsoft http://t.co/Q0QLeokZ,positive,microsoft
Windows Runtime and .NET: Better Together http://t.co/z7BBJ1xU #dotnet #dev #WinRT #microsoft,positive,microsoft
Nice talk by @renatmin #KenyaOpenDoor #microsoft #community,positive,microsoft
OMG :) :) #Microsoft #Sharepoint is actually working!  Thanks to my excellent colleague William,positive,microsoft
#windowsphone #wp7 #Microsoft really @google ? http://t.co/vI0htJRr  #icecreamsandwichfail innovation by imitation sad sad,positive,microsoft
The more i use Office 2010 the more i fall in love it with. #honest #genius #microsoft,positive,microsoft
"@guardiantech I love the ""And now it is looking to China:"" Apple funds sweatshops there while Gates funds a foundation #apple #microsoft",positive,microsoft
Welcome Skype to the #Microsoft family. We can do amazing things together. http://t.co/YKCHtu8h #welcomeskype,positive,microsoft
&lt;3 u #microsoft!!!,positive,microsoft
"Wow #android #ics, lots of uh uh uh uh talk going on... forsure not a #microsoft #mango launch were people have public speaking skills",positive,microsoft
Jus updated my computer to Windows 7 .....I'm on thanks to #microsoft,positive,microsoft
ICS #android is going to kill both Mango #wmp #microsoft and #rimm.  it already killed webOS and Nokia OS...,negative,microsoft
Only people with names beginning with 'A' are getting mail this week (a la #Microsoft),negative,microsoft
#Microsoft #Outlook #2011 for #Mac #sucks… #hate,negative,microsoft
#Microsoft freezes some #Xbox accounts after hack reports - http://t.co/w051BfS0  via @CanadaIT,negative,microsoft
#Update #Microsoft MS11-078 - Critical : Vulnerability in .NET Framework and Microsoft Silverlight Could Allow R... http://t.co/izO0WUNt,negative,microsoft
#Microsoft #Windows Media Centre GUI #Fail #MajorFail,negative,microsoft
How #Apple eclipsed #Microsoft. http://t.co/WU9bFI1h,negative,microsoft
#Microsoft Lync crash issue on #Mac OS X 10.7.2 [Fixed] - http://t.co/YZhCdgFP,negative,microsoft
#Microsoft Lync crash issue on #Mac OS X 10.7.2 [Fixed] - http://t.co/rzucFejc,negative,microsoft
"RT @schestowitz: When #Microsoft broke the law it played ""victim"". Now it engages in racketeering, calls victims ""outlaws"" (""respect our ...",negative,microsoft
"#Nokia workers ask, is chief executive a #Microsoft mole? http://t.co/lWJP9GiU",negative,microsoft
RT @idtheftprotect: #Microsoft has frozen some #Xbox Live (XBL) accounts after online gamers report they have been hacked. http://t.co/M ...,negative,microsoft
"I gave a try to Windows 8 Dev. Preview and it was good but the UI is way too messy right now, waiting for the Beta #microsoft #windows8",negative,microsoft
"@Anas_Monaffal LOL , i do both .. and for sure #Microsoft #DotNet is perfect, simple o ay 7aja ;) .. but sorry I HATE WINDOWS PHONES :P",negative,microsoft
Reader 'Tronman' compares #SteveBallmer to an albatross around #Microsoft's neck.  Do you agree?  Join the discussion! http://t.co/Mn39R2vc,negative,microsoft
Reader 'Tronman' compares #SteveBallmer to an albatross around #Microsoft's neck.  Do you agree?  Join the discussion! http://t.co/2iJK0VB3,negative,microsoft
Reader 'Tronman' compares #SteveBallmer to an albatross around #Microsoft's neck.  Do you agree?  Join the discussion! http://t.co/DFFkvnSJ,negative,microsoft
#WindowsPhone7 would get a lot more blog and review love if #Microsoft provided a tool to grab screenshots. It's nearly impossible #wpt,negative,microsoft
"RT @Saptha: When u dine with a customer u shoukd never explain abt solutions unless he ask , M$ never lean the concept #microsoft #fail",negative,microsoft
I hate #Microsoft PowerPoint!,negative,microsoft
Is #Microsoft just another evil corporation? Beware when it comes to buying a #Windows8 PC http://t.co/QbgXXJMm,negative,microsoft
#skype is now part of stupid #microsoft it seems,negative,microsoft
#Skype is underwhelming: I use skype. It was recently bought by #Microsoft for  $8.5 billion. As such it has a v... http://t.co/Xli2bR42,negative,microsoft
Apple + Microsoft...The Difference: How #Apple Eclipsed #Microsoft @PSFK: http://t.co/Rmi8oSMi #brand #brands #marketing #innovation,negative,microsoft
"RT @amarsanghera The fact that #Microsoft are using a #QRCode alongside one of their colour code shows the format is failing, opinions…",negative,microsoft
"If #Apple came out with gaming console (ala Xbox 360) that blew the current players out of water, #Microsoft and #Sony would be in trouble",negative,microsoft
"The fact that #Microsoft are using a #QRCode alongside one of their colour code shows the format is failing, opinions? http://t.co/BlhHGOpo",negative,microsoft
"If #Microsoft had more interoperability between their products (Xbox 360, Windows 7, Windows Phone 7, Zune) I'd be a Windows Phone user.",negative,microsoft
I HATE #TWITTER,negative,twitter
So much garbage. #Twitter,negative,twitter
@houltmac no  real work getting in the way.,negative,danvesma
"Okay, I'm going out for a walk... on my own  crappy Aviemore..",negative,Emma_1812
@_nicmac booooooooo you suck haha  i wont remember that :'(,negative,cessii
@Raynecleoud it's not  just got *very* soggy on walk back to train station ,negative,mikethomashendi
Working on my day off ... yay. ,negative,Rockycordeiro
I have thrown my delicious looking lunch all over the floor ,negative,bettyhawke
"Hopefully lindsays phone starts receiving texts, I miss her ",negative,Nestonia
i am so poor ,negative,martinsdudek
my camera died and i fucking need it for school and other stuff. and i lost the receipt so i cant even get it fixed ,negative,miloulala
@patlike Eating things from the floor or cooking the wife? Game my kids played the other day: 'You be Adolf Hitler and I'll shoot you'. ,negative,NathanDitum
@mimbles Not good. Sounds like it needs intervention. ,negative,shonias
@florallle makes a nice chimney for the ciggy smoke to enter the air intake of our A/C system ,negative,webflunkie
really wants some chocolate ,negative,eliseland
its the sad bit in the lion king where simba's dad gets killed ,negative,zoemcdonald
Y LIK DIS koss  also too-late realisation that am not bass-head or even tolerant of phat bass. let's hope these open up,negative,exponential
"Waiting for the bus again,but this time it's raining like hell and i forgot to take an umbrella with me! Poor me ",negative,UnperfectDoll
"@JoliOwave me too! Damn, and I gotta head to the radio station by 1negativeam ",negative,Mazi_O
listening to Rick and Bubba at my desk wishing I had taken off like I planned earlier in the week. ,negative,AngelJowers
"@stereoqueenbee ugggh, I feel you. I'm getting sick now too, burning throat, feverish  BOOOOO",negative,toyaMTL
@tracyswartz booooo!!! I didn't get my redeye today  I feel incomplete,negative,EddieG611
@lethebashar Once upon a time I wanted to be a poet. I was terrible. I realized without anyone's help. ,negative,rationem
"DAMN! Wellington Hurricanes lost  never mind theres next year to look too...and All Blacks seletion coming up soon, should be interesting",negative,ninanznegative9
"@WestEndUpdates Nooo - I'm still stuffing envelopes with DVDs, need to go to the post room in a mo ",negative,clouddancefest
a woodpecker just woke me up! ,negative,NataliaBleecker
"@katieqhrider oh no hun, so sorry ot hear that  Big hugs from Aus xx",negative,__Tan__
lonely day @ work...everyone is off for the holiday weekend  time for some coffee and figuring out how to get music to play on this comp!,negative,sammi518
And they accepted him for spring last year! It pisses me off. I know people who got a 2negative and got in. I'm scared he won't. ,negative,stisch
I was on a train tonight and we got held up for about an hour we hit someone who was commiting suicide  It was a tragic death  R.I.P,negative,evarriaaa
"@GinaLuvsGA No sun here, either. ",negative,Twisuz
Last day....  and  !!!!!!,negative,CranberryBlue
@constance529 chandelier from lamps plus ,negative,ryanelp8negative
@stevico1 Exactly! ,negative,MandyPandy32
is never around for the sl1negativenegative quiz   I want water park tickets waaaa,negative,celestems6negative
@whatabout_ken that sucks  If only I was there to hang out.,negative,lizponce
@brunamedeiros heeeeey baby ? where are you? ,negative,maryani
Chaz's Daily Happenings: 22:31 Watching E.R instead of a DVD. End of an era  # 11:negative9 The sun is out. Wooo  #.. http://tinyurl.com/lgwrum,negative,sergeantsex
@FreyaLynn they can't be in their carriers anymore? ,negative,mrs_mcsupergirl
@Kate_Butler I think/hope they might put an age limit on next year on the back of that  #bgt,negative,sarahsea
@noisemaker_ aww thats too bad you lost it though ,negative,Bulletplug
This is how much hair falls off everytime I shower. It's more sad than disgusting  http://yfrog.com/6p19negativeaj,negative,melaniesais
i am not feeling well so i am going to sleep now ,negative,skyn3t
Just broke her dresser shes had since she was three ,negative,AshAttack
@djbelle LMAO!I was JUST thinking how I fucking hate @ least 3 people that I'm following...but I haven't unfollowed em' yet. I'm a loon. ,negative,tobesbelike
#justcause Summer Hours say our day ends at 1pm...doesn't mean I really get to leave at 1.  ,negative,alana_vmsl
"Josette....where are you??   I looked across the pond, but you are nowhere to be found.  ",negative,crzprncess
Feeling tempted by high volume of jeeps to start an &quot;acura wave&quot;. Me too! ,negative,thejuliethour
Brought cat to specilist. May be ectopic uritors. Doing ultrasound. Surgury would be &gt;$2negativenegativenegative. may need to take him back to humane society ,negative,PTFranklin
@MandyPandy32 I hope for her sake she does could it could get worse ,negative,CocaBeenSlinky
once again i've spend the day studying. SO BORED of studying but i still have 3 chapters to go ,negative,shesbatty
Time to take a astronomy test! ,negative,carosizzlez
"Im so angry right now .. today im not doind nothing and all my classmates yes  ,i think i will stay with my friend Mr.Computer .. hope not",negative,MaguiB
"Getting used to getting up in the cold, but my asthma is paying for it. ",negative,mickimadness
@ann_aguirre  not going anywhere &amp; when my book finally gets hre It will be cool 2 know wht Butch looks lk..LOL It was going in mail tdy,negative,Hockeyvampiress
I hate sitting at the doctors office! They told me she is running an hour behind! AWESOME ,negative,MissAshleyWhite
Is actually workin the weekend...Not for it ,negative,sarahjo1976
Back from LAAANDAN.  Miss it already   check out my new giant purple bow and gold wing necklace. I &lt;3 TD http://tinyurl.com/m5y2mw,negative,SunshineKidd
"I miss my dog  r.i.p.Batman... Yeah, Batman (I really hope 'all dogs go to heaven' is true)",negative,xmadluvxquinnx
"Wal-Mart orientation...it's work, but seriously...this sucks ",negative,Bezzmer
"@under_control aw babyy i'm sorry  i gots too excited, haha. &lt;333",negative,the_rockshow
Ow. Sunburn hurts! ,negative,WierdCrazyMofo
there is absolutely nothing to eat in my house... epic fail ,negative,typicaltanya
why does everyone sing playback at the Comet ,negative,Thaliel
Had a great day...but slightly depressed.  I don't know what I am going to do.,negative,QueenBananaBean
"@joemuggs urgh...Grime, me no likey ",negative,Rocmoney
"Don't know if I can watch Holly again, breaks your heart ",negative,wonder_nat
Just woke up and saw that the sun isn't out  I need to start waking up early,negative,Stan_is_Nats
my favorite curling iron broke ,negative,ClaireGerdau
@XO_SUFI_XO yeah and when you are not working at paying jobs(volunteer/intern) the $ tends to disappear rather quickly...gotta slow down ,negative,txcranberry
"had a great time last night, but my eye is burning !!! it hurts bad ",negative,weredragon
I have a stupid headache on my day off. ,negative,jeremya
"damn it...Margie said she couldn't share the info on who killed Evil Eddy with me   She wanted my info again, gave it to her",negative,bizziefan
"@katiemacgregor ohs, oi did you make your background.. looks sweet! how did you manage to tile it so well ",positive,pandamilk
@niciscotin HEY LAZY HEAD  How was your first day of school AGAIN? Hope you had a great time...and hope you didn't miss any meaaaaaaal. ,positive,abcastil
9 days  ihatethisplacesomuch.,positive,NellaHeartbreak
"I was cleanin out the actic this morning when I came across my old power rangers dragonzord, ahhhh nostalgia ",positive,CrazyOlPrime
"@RaraACTIVE awww, i remember that vid!! and yay  thanks",positive,xo_mcflyandjb
Have got three job interviews this week and a hospital appointment.  No peace for the wicked ,positive,Jackie_Emm
Wordpress hosting for #wordpress blogger --&gt; http://short.to/fs2s ,positive,sayasatria
Untitled:    ... - http://tinyurl.com/n73ll7,positive,2positive6negative1_
"@nmcgivney Well, I didn't like to say   ;)",positive,EircomDongleDay
@MonkeyBoy191 silly boy  i still love ya though x x x,positive,monkey_girl_616
Wow i aint been on twitter for a while ,positive,greggaz
@simple_ton I'm trying to figure out how to ge my brain to twitter without using the internet. ,positive,mana_junkie
@OfficialAS umm iunno. My number was meant to change but it hasn't :/ if it doesn't I'll just stick with the new one ,positive,SallytheShizzle
@boneznegativenegativenegative9 Hey man ,positive,JDogg1329
Wow! Went to install drivers for my scanner and realized that Mac OS X already detects it and can use it without Canons software ,positive,jacobbuck
"@CaptainKazz haha yay. you'd better  you know, dancing to high school musical isn't degrading or anything.",positive,elalaa
Great Day ,positive,AldoMazzei
Amazon's Universal Wishlist feature is quite nice! ,positive,zedascouves
@Twistedlilkitty like a pokemon ,positive,mixmasterfestus
Submitted Letter of Intent for the 11positive condo purchase in west las vegas ,positive,swtenigma
GRADUATE  thx God,positive,marini3negative7
"Okay, fuck it. I'm going to TRY and get SOME rest. Bleh. Wish me luck on my shopping trip! ",positive,QueenVernice
On the train to the airport. Happy banana! ,positive,han_banana
@just_reva yep yep .. still not well .. i guess the change in the weather ought to do me good ,positive,lone_observer
"solved his first 2, Project Euler problems ",positive,freexstate
Rancid's music makes me wanna dance!  Just too bad that I'm to tired at the moment. GASP! I must poo. :O,positive,IdaEmilia
Layin down.... stillt hinkin about how awsome the Carolina Liar concert was.... ,positive,Dimplez81895
I gnegativeta LnegativeNG week ahead negativef me.. Cant wait til its negativeva. Really lnegativeoking fnegativerward 2 dis weekend! ,positive,MzCherrieBaby
"@celesssste ah, i said something aditya and she went off, so i started arguing back and i won. quite pleased. Howwww was melbourne!!! ",positive,devinewilliam
@twebbstack your profile is radcore ,positive,jesskarrr
@nickslaughter serbia loves you ,positive,krickovicmarina
Well it's time to get up and make the coffee....off to work to play with the little children  ,positive,lavendarnpears
I'll be back this 1negative:3negativepm. ,positive,hao_country
Woo Hope all is well with everyone today ,positive,TammiElizabeth
"@sioksiok:   Yup, perhaps @communicateasia can register for TEDxSMU licence. ",positive,bleongcw
i got another cool twitter script ,positive,koastnegative8
gets to see Justin in a minibit for a minibit  ,positive,fakingserious
"@EoinRedmond Yep, wild stuff ",positive,d_cahill
i want L's ,positive,immyinthewater
@aiaaaa Rosalie is def prettier in the book. ,positive,thekach
@britmewes yayy! Rite back at you brother! You guys crack me up! If i was porcelan i would be unfixable ,positive,ashley38negative8
@drilbu Thanks! ,positive,richardlai
Up early as hell...lol  plus a migraine! Yuk.  Anyways at work lsaving away as always...    whats up??,positive,Expressivephoto
@derekfisher !!! Ol' Reliable !!!! Congrats on The positiveth! Now Rally The Troops positive the Repeat !!!! ,positive,juanitojuan
"its my lil bros bday today,woohoo,18 finally  oh hello my lovely lil twits",positive,carlavr
"uuuuuugh,KNACKERD...oh well,spidermams a save me ",positive,Sockynegative_o
Not saying that I would do a better version of whatever song the ppeps threw my way Lol But it's always good to challenge yourself ,positive,DBurn23
sheesh Monday crept up on me!?  'Funny how time flies when ur havin fuuuuuuuun'  Happy start of the week twits n FB fam!,positive,nicoleheyward
socialising like a butterfly ,positive,lmw1negative1
6 exams down 2 to go cant wait til thursday when they will be over forever ,positive,xLauraxB
"@JessexVanity Ooo, me too! I haven't read the book, but it looks/sounds like such a great movie ",positive,MupNorth
"Be though, @DavidArchie ",positive,KristelLouisa
@Raiha That's probably the purpose of the annoying ads.. ,positive,johnnychadda
is lovin kerri hilson feat kanye west and neyo  &quot;knocked u down&quot; ,positive,RoisinLennon
Touchdown! Feels so good to see familiar faces and old friends. Feels so good to be at home ,positive,christinaelloso
"ahh, finally. 3:3negative in the morning &amp;&amp; finallyy a nice cozy bed  g'night world &lt;3",positive,rockstarbabiie
@disruptiveplay haha. tweeros more like it. send us pics/quotes ,positive,pendolino
damn i missed twitter! ,positive,ragtopsnegative5
@2positivez nothing beats iPhoto with a mobileMe account ,positive,chrissylvester
"My hair is disgusting today and it's raining out.   But!, today is the last day of classes!  Error",positive,dethbylolcaust
Finished watching BOYS OVER FLOWERS. haha. sweet ,positive,krizpot
whooooooooooooooo off grounding  i love you twitter world,positive,taylor2positive1negative
Good afternoon ! The competition was dismissed until the results of BEM are out  That's better ;),positive,ranousha
making my breakfast  just rang work and told them i can't work for 2 weeks...they should fire me probably,positive,eckthompson1
@amymengcn So you're just undernourished. Yay you ,positive,alexcg
@moderncat Congratulations! Send some our way please  We're new to all this lol!,positive,pretty_paws
http://twitpic.com/7gfdy - Chilling ,positive,hairycornflakes
@bella_amalia thaaaanks for following me  siapa disana?,positive,vickysayshi
des sitelinks pour ya-graphic.com woohoo ! ,positive,yagraphic
Girls suck ,positive,DragoniteNathan
@leonkay I thought he had the frigging Kray Twins on stage with him!! ,positive,hairlessheart
@stephsmith ....gulp.  I still do believe it will.  ,positive,rcjohnso
@Pixel_Pirates ah LpositiveD lan sounds good ,positive,inertia_games
Just won £25 on the Premium Bonds ,positive,Spannaa
@flightyzues oh yes. the boredom will be well gone. AND the broken tv will serve as a good house  idk how but im sure we can figure it out,positive,maceyTHEpirate
desperate housewives catch up  x,positive,LKC_x
"@WalkInTheSun_ Did you know, we are seeing @Tommcfly @dannymcfly @dougiemcfly and @mcflyharry in FIVE days? ahhhh!       ",positive,LucyBowen
is gonna try and catch a tan today  dododolifesgood - cher hope you enjoy your walk babes x,positive,keeleighx
Is sitting in a coffee house in Carmarthenshire ,positive,Alexander_Jones
"our only assignment for today is Science, it's kinda long `bout branches of Science.etc. LOL! ",positive,mixxteen
Good morning! Just woke up. Today I should clean out my bedroom and later I want to do something funny. ,positive,adryipw
Today the end of the school!!!!!!!!!!!!!!!!!!!!!!!!!!!!!!!!!!!!!!!!!!!!!!!!!!!!!!!!!!!!!!!!!!!!!!! I am sooooo excited!!! ,positive,victorianegative9positive
it must be monday ,positive,_lemon
@negativerch1d At least they managed to stay together all those years.  And I'm really happy that they're finally OUT.,positive,lunarcaustic
Big THX to all my subs  I got accepted as YT partner today. Now I can make more detailed reviews for you all  got to study now cya l8tr,positive,banolka
#Iremember to remember nothing of yesterday ,positive,life_afairytale
Got 58569998 cakes/crisps/biscuits and watching The Jungle Book ,positive,Sharlxo
@Suheil_ sure  will do it later on!,positive,chocolato
is getting married in 269 days ,positive,lor1985
i got detention for the first time today in my whole LIFE teehee. ugh you accountin teacher!! 2moro german exam WOOOOOOT! ,positive,iLoveColbyO
@brianwelburn Good morning.. you look a bit green today ,positive,pfmonaco
I am at the airport picking up Granma. There are facemask everywhere!!! I forgot to bring mine ,positive,funnymandan
Is gouing to her design &amp; architecture test ! And wil succeed ,positive,TheMissMajor
ooooh! 1positive3 tweets! I love you!  cool. ,positive,paulinamaxine
@AlexAllTimeLow I am. ... But only if your here in Australia. ,positive,taylajade
Now watching Fast And The Furious: Tokyo Drift. ,positive,smokey_2negativenegative9
@ToyaDG You need to follow other tweeple now. lol and see what they're tweeting and tweet back. It's like conversation. ,positive,karinb_za
The snooze button whipped me today! If only I had a pop-tart to get my day started ,positive,seanseay
@mattgemmell Heh. I'd like to see built in gpg support for mail ,positive,bulusoy
@ramyakannan i aint fightin nobody  n ur absolutely right ramya.thnx.lol.im bein an obnoxious lil twit,positive,pietrendy
downloading good old music ,positive,hakeberr
@getvisible I found a wifi connection by the pool  no roaming charges for me!,positive,hairycornflakes
Video: srsly: Thai PANTENE Commercial - You Can Shine.  http://tumblr.com/xuj21rbff,positive,failurebydsgn
"@yoyoan hey sorry kayanya ga deh, soalnya sim card gw diilangin nyokap gw :p  thanks nywys ",positive,abigailalalala
@katiebarrowman Did you look at his followers? A certain @derekrobertson has followed the wrong person (or maybe not) ,positive,JConnell
@CreativeJunkie No problem ,positive,phollows
FIGHT ! Pray for me guys ,positive,Lidonkwakakka
Im back from my exam i think it went well ,positive,Triztech
@NoemiR21 yes she is ,positive,ZoeCullen18positive3
Hunch.com is right!  http://bit.ly/19XpositiveV1,positive,sardaukar_siet
@AlexAllTimeLow back rub/scratch combo  anytime you want.,positive,octoberelyse
@Just_Leo thanks!  how's it going in LA??,positive,Robi_from_Italy
um its 15 here. couple of hours it'll be 16.  @Lysssxo,positive,zeeeilm
At school !!  we have a free hour !!  wow !!,positive,Vif_Doll
"@saigegivvens I wont, cuz i love you more. Full Stop, End of Story ",positive,xMatteHx
"@coynegativete Haha, I totally should! Plus I'm blonde now, so it's out of date. That's today's task then: a new picture  ",positive,sjvalentine85
Is playing uno with dad and sister ,positive,loliitaa
Trying to teach my teenage son about the need to understand he doesn't need to know everything but is better off showing a desire 2 learn ,positive,ricbrewer
@SongzYuuup 'u belong to me' i looooove this songg trey ,positive,anieszkaa
txs positive the wake up txt msg...i think my hubbie frm da boat ,positive,reddirtmama
getting kicked off by mother. seeya tweeters. ,positive,emily_sansom
@willierko omg yes!!!! i will be there! ,positive,the_nikster
@SpitfireJon Nice to tweet you! You've got me singing &quot;Tonight I'm gonna party like it's 1999...&quot; It won't get out of my head! ,positive,TheSourceress
@veronicaluvsyou whatever is easiest for you babe  i check both so i don't mind! x,positive,dannisaywhat
yeah mbuhay ang mga tga-lawa!!!  champs once again!!!,positive,ragtopsnegative5
Starting work on Friday! Cant wait  Hope everyone had a good weekend! I did ;),positive,SeannyDepp
@nyecamden Wahey! What did you do in command line? I'm excited for you! ,positive,sermoa
@DavidM2 We're both sticklers for language. I'm sloppy with words when too lazy to explain the difference ,positive,theitskeptic
@Chloe_Marchand I uplodaed my hit record video as a video response ,positive,StanziChannel
@xCristyx  Yes he is  It happened Saturday night.,positive,supergrrl311
@ZeenaBoBeena im sorry. I fail. ,negative,TaraHussey
Doh! I was hoping to get a book for the missus but exclusive books are closed ,negative,lukevenediger
sooo bored now dat candace had 2 go get ready ugh but i got ma snowball but im still sadface  p.s.luvs pete wentz hez so fukin hott!!,negative,meghan8866
"-- I won't feel guilty and like I should be revising stuff after today, haha ",negative,EternalAegis
@mandyyjirouxx don't forget to follow emma from london = @teamcyrus like you said you would! I wish you aswered my calls  it cost me �1positive,negative,16_MileyCyrus
Jamies Free Views Dead ,negative,MJFinkel
gosh today sucks! i didnt get my tax returns! im so upset cuz now i have to miss my best friends wedding in washington...lame ,negative,bodomknight
car broken probably for good ,negative,trjohnnegative6
Doctor's appointment at positive:3negative because my blood pressure is high. Really?! Already?! ,negative,TerinAleah
Nice seeing my partner in crime/gossip drama queen partner again. I missed my Manda! ,negative,melissadiesel
Boooo my 2nd wkend bein 21 n ima b in tha house alone ,negative,LilTyraBanks
"@MandyyJirouxx MANDY!!!  IT WON'T LET ME VOTE  I WANT HER TO WIN BUT I CAN'T HELP, I AM GONNA JUMP OFF A BRIDGE (KIDDING) BUT THIS SUX",negative,JB59_725
@miabatsoy awww...i hope you'd be well na sis....it's so disgusting to be sick  better take the rest that you need...charge up...mwah!,negative,laicha1978
"Oh..Summer begins..yay..  The fighting, Crying and stress has started with the kids..It's only been 3 hrs since they got out.",negative,hlbar28
"@tommcfly maybe you could go outside to meet some fans?  im not even from sao paulo, im from rio, but.. idk, just saying :/",negative,gabiib
"fire and rain by james taylor fits the style i need for my SA audition perfectly, but i can't find a karaoke track in a high enough key ",negative,mayerman
@Rachael_Hodges Yup. Their loss. ,negative,xenon21
@marcosriveranegative8 I am very angry at this information Marcos!!!!!!  ,negative,LaurenERL
@bridgers i have one too ,negative,jkusunoki
@CASHRIC I MISS U CEDDY ,negative,thunni
Yay almost home i had to go walking today ..... ,negative,EnriqueEscbr
@NiaBassett I�m good. Wanna get out of the office.... ,negative,Lesley_M
I need to get my act together. At the mall again instead of studying ,negative,zionsouljer
I want some cookies. ,negative,dragontamer15positivepositive
So bored..need friends ,negative,pnenegativenegative2
Peeps! Me blackberry messenger is kwijt..  no pinging :p,negative,xsuusje
@dylankenney ended up force rebooting. ,negative,sku_
@evernote @eyeficard I need one of these! Was just thinking about it earlier today as I downloaded pictures via USB.  #evernote_eyefi,negative,RockDoggy
@penflare  tell me about it ,negative,quanvu
Sitting in the tax collectors office.    Getting ready to write a check.,negative,dherren
One is not supposed to have a headache on a Friday. That's just not right. ,negative,lianeviolet
@TeamDeLo that one has been done already ,negative,stephdavis1negative13
Work... ,negative,Shino9X
"my girlies @VeeVeeBOMBSHELL &amp; @ReeseCromwell r leavin me today  Vanessa, I'll c u when u'r black *I mean back and Reese, I'll c u Sunday",negative,getatkat
"@MommaSalty Aw, sorry about your cat   No worries about the blankets, I was just wondering, I'm in no rush, take your time!",negative,Jerzygrllys
Its raning!!! -_- really bad ,negative,thedonkeyspot
Of course it rains five minutes after i finish watering the flowers. It took me half an hour to water all of them too. ,negative,ROBlN
"Hummmmm..... ohh  i miss you so much!!! realy, but i hope you have a nice friends, like us :]",negative,casbith
Yum chocolate sorbet! She barely even shared  http://twitpic.com/67azl,negative,unsanctified
@heidimontag WOW AND TO THINK SOME PEOPLE ACTUALLY REALLY DO LIVE IN THE JUNGLE BUT DONT GET TO GO BACK TO A HOTEL. ,negative,lelyboo83
Trying to sell my GM stock ,negative,ristone6positive
"ugh, i was so hungry i scarfed my lunch before i even thought to take a pic.   #feastfriday",negative,oneangrytoast
They gave me a regular coke instead of diet. Really?? ,negative,lkmeister
i so wish i could get pregnant!! ,negative,BellaWatts
Just ate way to many chocolate animal crackers ,negative,getyournikon
"@VANS_66 I haven't had slip-ons in years, since my checkered days. Matter of fact I only have my torn up all black classics. ",negative,HelsinkiValo
"@doudoubebe There are 3 other Drs. in the office and only mine does this  It drives me nuts, especially when it is an appt. for my kids.",negative,Doulamama
@stephenfry Tinkered with open-source Virtualbox &amp;Win7 yet? Would've loved to have seen you @ Hay. Always unfortunate timing for students ,negative,PalmTree88
I don't believe there's anything worse than losing a best friend ,negative,Burtneyx3
Last Tonight Show with Jay Leno Tonight! ,negative,CoreyFoister
No show tonight  No plans. Ughhhh.,negative,hey_molly
Off to take a math quiz...on a friday....booo ,negative,xMissNatashax
@Noufah aaaah I swear I took it by mistake  it was somehow attached with the charger -_- apparently it needed break from U huh!,negative,Dreamyeyes
 wanna do some sessions with ronnie he da bomb u know?,negative,udabombronnie
"watching a boring police prog after making a fab pasta dinner, trying to cut down on alcohol so only had water ",negative,carolmichael
